thecoolidge,Movies,Venues
bostonunderground,Movies,Groups
159277713154,Movies,Groups
kendallsquarecinema,Movies,Venues
brattletheatre,Movies,Venues
iffboston,Movies,Groups
63349150758,Movies,Groups
IrishFilmFestival,Movies,Groups
baaff,Movies,Groups
BostonJewishFilmFestival,Movies,Groups
334707000147,Movies,Groups
200095618948,Movies,Groups
177567548427,Movies,Groups
110689038979096,Movies,Groups
99102636634,Movies,Venues
131940086662,Movies,Venues
293881312777,Movies,Venues
25896927955,Movies,Groups
47998764919,Movies,Groups
117122014991184,Movies,Groups
buzzboBOS,Movies,Groups
323168469703,Movies,Venues
113401388719288,Visual Art,Venues
115202204484,Visual Art,Venues
childsgallery,Visual Art,Venues
SMFABoston,Visual Art,Groups
mfaboston,Visual Art,Venues
21660976489,Visual Art,Venues
Boston.Athenaeum,Visual Art,Venues
12466408492,Visual Art, Outdoors,Venues
122449744486247,Visual Art,Groups
MassVisual ArtBoston,Visual Art,Groups, Student
panopticongallery,Visual Art,Venues
AtlanticWorksGallery,Visual Art,Venues
74554158515,Visual Art,Groups
ICA.Boston,Visual Art,Venues
mitlvac,Visual Art,Venues
56578177225,Visual Art,People
86165925911,Visual Art,Venues
MarkTwainHouse,History,Venues
MassachusettsHistoricalSociety,History,Groups
Marbleheadmuseum,History,Venues
maah.org,History,Venues
131357244598,History,Venues
315895720716,History,Venues
490378850314,History,Venues
CambridgeHistory,History,Groups
41464851161,History,Venues
68460734632,History,Groups
andoverhistorical,History,Venues
PeabodyHistorical,History,Venues
76362875490,History,Venues
10846224220,History,Venues
MVMuseum,History,Venues
17406031285,History,Venues
CarleMuseum,Visual Art,Venues
20101645677,Education,Venues
BostonChildrensMuseum,Education,Venues
discoverymuseums,Education,Venues
7409257620,History,Venues
45306028643,History,Venues
fullercraft,Education, Visual Art,Venues
lynnmuseum,History,Venues
HistoricNewEngland,History,Groups
24239284816,History,Venues
18121146423,Visual Art,Venues
addisongallery,Visual Art,Venues
MITMuseum,Education, Visual Art,Venues
museumofscience,Education,Venues
gardnermuseum,Visual Art,Venues
63029641552,Education, Visual Art,Venues
122708109563,Visual Art,Venues
118571850968,Visual Art,Venues
175903700320,Visual Art,Venues
315960096932,Visual Art,Groups
58451698507,Visual Art,Venues
73922299910,Visual Art,Venues
167453007732,Visual Art,Venues
156107027738758,Visual Art,Venues
49422202991,Visual Art,Venues
138678962830822,Visual Art,Venues
96724359729,Visual Art,Venues
bcaonline,Visual Art,Groups
mitlvac,Visual Art,Venues
